දහය,10. ten
10,10. ten
දහය,10
10,දහය
එකොළහ,11. eleven
11,11. eleven
එකොළහ,11
11,එකොළහ
දොළහ,12. twelve
12,12. twelve
දොළහ,12
12,දොළහ
දහතුන,13. thirteen
13,13. thirteen
දහතුන,13
13,දහතුන
දහහතර,14. fourteen
14,14. fourteen
දහහතර,14
14,දහහතර
පහළොව,15. fifteen
15,15. fifteen
පහළොව,15
15,පහළොව
දහසය,16. sixteen
16,16. sixteen
දහසය,16
16,දහසය
දහහත,17. seventeen
17,17. seventeen
දහහත,17
17,දහහත
දහඅට,18. eighteen
18,18. eighteen
දහඅට,18
18,දහඅට
දහනවය,19. nineteen
19,19. nineteen
දහනවය,19
19,දහනවය
එක,1. one
1,1. one
එකක්,1. one
එක,1
එක,එකක්
1,එක
1,එකක්
එකක්,එක
එකක්,1
විස්ස,20. twenty
20,20. twenty
විස්ස,20
20,විස්ස
දෙක,2. two
2,2. two
දෙක,2
2,දෙක
තුන,3. three
3,3. three
තුන,3
3,තුන
හතර,4. four
4,4. four
හතර,4
4,හතර
පහ,5. five
5,5. five
පහ,5
5,පහ
හය,6. six
6,6. six
හය,6
6,හය
හත,7. seven
7,7. seven
හත,7
7,හත
අට,8. eight
8,8. eight
අට,8
8,අට
නවය,9. nine
9,9. nine
නවය,9
9,නවය
එකතු කිරීම,Addition
පස්සේ,After
පසුව,After
පස්සේ,පසුව
පසුව,පස්සේ
නැවත,Again
ආයෙත්,Again
නැවත,ආයෙත්
ආයෙත්,නැවත
ගුවන් තොටුපල,Airport
එයාර්පෝට්,Airport
ගුවන් තොටුපල,එයාර්පෝට්
එයාර්පෝට්,ගුවන් තොටුපල
ඉඩ දෙනවා,Allow
Allow,Allow
ඉඩ දෙනවා,Allow
Allow,ඉඩ දෙනවා
හරි,Alright
තවද,Also
තරහයි,Angry
කේන්තිය,Angry
කෝපය,Angry
තරහයි,කේන්තිය
තරහයි,කෝපය
කේන්තිය,තරහයි
කේන්තිය,කෝපය
කෝපය,තරහයි
කෝපය,කේන්තිය
අප්‍රේල්,April
වටේ,Around
වටා,Around
වටේ,වටා
වටා,වටේ
ලිපිය,Article
අගෝස්තු,August
නැන්දා,Aunt
නැන්දේ,Aunt
නැන්දා,නැන්දේ
නැන්දේ,නැන්දා
ආයුබෝවන්,Ayubowan
බිළිඳා,Baby
නරක,Bad
බෑගය,Bag
බෑග් එක,Bag
බෑගය,බෑග් එක
බෑග් එක,බෑගය
බැංකුව,Bank
බැංකු,Bank
බැංකුව,බැංකු
බැංකු,බැංකුව
නානවා,Bathe
නාන්න,Bathe
නෑවා,Bathe
සිරුර සෝදනවා,Bathe
නානවා,නාන්න
නානවා,නෑවා
නානවා,සිරුර සෝදනවා
නාන්න,නානවා
නාන්න,නෑවා
නාන්න,සිරුර සෝදනවා
නෑවා,නානවා
නෑවා,නාන්න
නෑවා,සිරුර සෝදනවා
සිරුර සෝදනවා,නානවා
සිරුර සෝදනවා,නාන්න
සිරුර සෝදනවා,නෑවා
ලස්සන,Beautiful
Beautiful,Beautiful
ලස්සන,Beautiful
Beautiful,ලස්සන
ඇඳ,Bed
බයිසිකලය,Bicycle
බයිසිකල්,Bicycle
පාපැදිය,Bicycle
බයිසිකලය,බයිසිකල්
බයිසිකලය,පාපැදිය
බයිසිකල්,බයිසිකලය
බයිසිකල්,පාපැදිය
පාපැදිය,බයිසිකලය
පාපැදිය,බයිසිකල්
කුරුල්ලා,Bird
කුරුල්ලෝ,Bird
කුරුල්ලා,කුරුල්ලෝ
කුරුල්ලෝ,කුරුල්ලා
කළු,Black
කලු,Black
කළු,කලු
කලු,කළු
නිල්,Blue
බෝට්ටුව,Boat
බෝට්ටු,Boat
බෝට්ටුව,බෝට්ටු
බෝට්ටු,බෝට්ටුව
නටනවා,Boil
තම්බනවා,Boil
තම්බන්න,Boil
තැම්බුවා,Boil
උණු කරනවා,Boil
නටනවා,තම්බනවා
නටනවා,තම්බන්න
නටනවා,තැම්බුවා
නටනවා,උණු කරනවා
තම්බනවා,නටනවා
තම්බනවා,තම්බන්න
තම්බනවා,තැම්බුවා
තම්බනවා,උණු කරනවා
තම්බන්න,නටනවා
තම්බන්න,තම්බනවා
තම්බන්න,තැම්බුවා
තම්බන්න,උණු කරනවා
තැම්බුවා,නටනවා
තැම්බුවා,තම්බනවා
තැම්බුවා,තම්බන්න
තැම්බුවා,උණු කරනවා
උණු කරනවා,නටනවා
උණු කරනවා,තම්බනවා
උණු කරනවා,තම්බන්න
උණු කරනවා,තැම්බුවා
පොත,Book
පොත්,Book
ග්‍රන්ථය,Book
පොත,පොත්
පොත,ග්‍රන්ථය
පොත්,පොත
පොත්,ග්‍රන්ථය
ග්‍රන්ථය,පොත
ග්‍රන්ථය,පොත්
කඩනවා,Break
කඩන්න,Break
කැඩුවා,Break
කඩනවා,කඩන්න
කඩනවා,කැඩුවා
කඩන්න,කඩනවා
කඩන්න,කැඩුවා
කැඩුවා,කඩනවා
කැඩුවා,කඩන්න
ගෙනෙනවා,Bring
ගෙනෙන්න,Bring
ගෙනාවා,Bring
ගෙනෙනවා,ගෙනෙන්න
ගෙනෙනවා,ගෙනාවා
ගෙනෙන්න,ගෙනෙනවා
ගෙනෙන්න,ගෙනාවා
ගෙනාවා,ගෙනෙනවා
ගෙනාවා,ගෙනෙන්න
සහෝදරයා,Bro
මස්සිනා,Brother in law
දුඹුරු,Brown
බස් එක,Bus
බස්,Bus
බස් රථය,Bus
බස් එක,බස්
බස් එක,බස් රථය
බස්,බස් එක
බස්,බස් රථය
බස් රථය,බස් එක
බස් රථය,බස්
බස් නැවතුම,Bus station
බස් ස්ටෑන්ඩ් එක,Bus station
බස් නැවතුම,බස් ස්ටෑන්ඩ් එක
බස් ස්ටෑන්ඩ් එක,බස් නැවතුම
මිලදී ගන්නවා,Buy
මිලදී ගත්තා,Buy
Buy,Buy
මිලදී ගන්නවා,මිලදී ගත්තා
මිලදී ගන්නවා,Buy
මිලදී ගත්තා,මිලදී ගන්නවා
මිලදී ගත්තා,Buy
Buy,මිලදී ගන්නවා
Buy,මිලදී ගත්තා
 කැමරාව,Camera
කැමරාව,Camera
 කැමරාව,කැමරාව
කැමරාව, කැමරාව
පුළුවන්,Can
බෑ,Cant
බැහැ,Cant
බෑ,බැහැ
බැහැ,බෑ
කාර් එක,Car
කාර්,Car
කාර් රථය,Car
කාර් එක,කාර්
කාර් එක,කාර් රථය
කාර්,කාර් එක
කාර්,කාර් රථය
කාර් රථය,කාර් එක
කාර් රථය,කාර්
කාඩ්පත,Card
කාඩ් එක,Card
කාඩ්පත,කාඩ් එක
කාඩ් එක,කාඩ්පත
පරිස්සමින්,Careful
පරිස්සමෙන්,Careful
පරිස්සමින්,පරිස්සමෙන්
පරිස්සමෙන්,පරිස්සමින්
කැරට්,Carrot
ගෙනියනවා,Carry
ගෙනියන්න,Carry
ගෙනිච්චා,Carry
ගෙනියනවා,ගෙනියන්න
ගෙනියනවා,ගෙනිච්චා
ගෙනියන්න,ගෙනියනවා
ගෙනියන්න,ගෙනිච්චා
ගෙනිච්චා,ගෙනියනවා
ගෙනිච්චා,ගෙනියන්න
බළලා,Cat
පූසා,Cat
පූසෝ,Cat
පූසෙක්,Cat
බළලා,පූසා
බළලා,පූසෝ
බළලා,පූසෙක්
පූසා,බළලා
පූසා,පූසෝ
පූසා,පූසෙක්
පූසෝ,බළලා
පූසෝ,පූසා
පූසෝ,පූසෙක්
පූසෙක්,බළලා
පූසෙක්,පූසා
පූසෙක්,පූසෝ
විදුලි පංකාව,Ceiling fan
ෆෑන් එක,Ceiling fan
විදුලි පංකාව,ෆෑන් එක
ෆෑන් එක,විදුලි පංකාව
මොබයිල්,Cell phone
Cell phone,Cell phone
මොබයිල්,Cell phone
Cell phone,මොබයිල්
දාමය,Chain
මාලය,Chain
දාමය,මාලය
මාලය,දාමය
පුටුව,Chair
පුටු,Chair
පුටුව,පුටු
පුටු,පුටුව
වෙනස් කරනවා,Change
වෙනස් කරන්න,Change
වෙනස් කළා,Change
වෙනස් කරනවා,වෙනස් කරන්න
වෙනස් කරනවා,වෙනස් කළා
වෙනස් කරන්න,වෙනස් කරනවා
වෙනස් කරන්න,වෙනස් කළා
වෙනස් කළා,වෙනස් කරනවා
වෙනස් කළා,වෙනස් කරන්න
ළමයා,Child
බබා,Child
දරුවා,Child
පොඩ්ඩා,Child
ළමයා,බබා
ළමයා,දරුවා
ළමයා,පොඩ්ඩා
බබා,ළමයා
බබා,දරුවා
බබා,පොඩ්ඩා
දරුවා,ළමයා
දරුවා,බබා
දරුවා,පොඩ්ඩා
පොඩ්ඩා,ළමයා
පොඩ්ඩා,බබා
පොඩ්ඩා,දරුවා
ළමයි,Children
තේරීම,Choice
තෝරනවා,Choose
තෝරන්න,Choose
තෝරාගන්නවා,Choose
Choose,Choose
තෝරනවා,තෝරන්න
තෝරනවා,තෝරාගන්නවා
තෝරනවා,Choose
තෝරන්න,තෝරනවා
තෝරන්න,තෝරාගන්නවා
තෝරන්න,Choose
තෝරාගන්නවා,තෝරනවා
තෝරාගන්නවා,තෝරන්න
තෝරාගන්නවා,Choose
Choose,තෝරනවා
Choose,තෝරන්න
Choose,තෝරාගන්නවා
පල්ලිය,Church
පල්ලි,Church
පල්ලිය,පල්ලි
පල්ලි,පල්ලිය
පැහැදිලිව,Clearly
ක්ලික් කරනවා,Click
ක්ලික් කරන්න,Click
ක්ලික් කළා,Click
ක්ලික් කරනවා,ක්ලික් කරන්න
ක්ලික් කරනවා,ක්ලික් කළා
ක්ලික් කරන්න,ක්ලික් කරනවා
ක්ලික් කරන්න,ක්ලික් කළා
ක්ලික් කළා,ක්ලික් කරනවා
ක්ලික් කළා,ක්ලික් කරන්න
ඇඳුම්,Clothing
සීතල,Cold
පාට,Color
වර්ණ,Color
පාට,වර්ණ
වර්ණ,පාට
එනවා,Come
එන්න,Come
ආවා,Come
එමු,Come
එන්නම්,Come
එනවා,එන්න
එනවා,ආවා
එනවා,එමු
එනවා,එන්නම්
එන්න,එනවා
එන්න,ආවා
එන්න,එමු
එන්න,එන්නම්
ආවා,එනවා
ආවා,එන්න
ආවා,එමු
ආවා,එන්නම්
එමු,එනවා
එමු,එන්න
එමු,ආවා
එමු,එන්නම්
එන්නම්,එනවා
එන්නම්,එන්න
එන්නම්,ආවා
එන්නම්,එමු
පරිගණකය,Computer
කොම්පියුටරය,Computer
පරිගණකය,කොම්පියුටරය
කොම්පියුටරය,පරිගණකය
සම්බන්ධ කරනවා,Connect
සම්බන්ධ කරන්න,Connect
සම්බන්ධ කළා,Connect
සම්බන්ධ,Connect
සම්බන්ධ කරනවා,සම්බන්ධ කරන්න
සම්බන්ධ කරනවා,සම්බන්ධ කළා
සම්බන්ධ කරනවා,සම්බන්ධ
සම්බන්ධ කරන්න,සම්බන්ධ කරනවා
සම්බන්ධ කරන්න,සම්බන්ධ කළා
සම්බන්ධ කරන්න,සම්බන්ධ
සම්බන්ධ කළා,සම්බන්ධ කරනවා
සම්බන්ධ කළා,සම්බන්ධ කරන්න
සම්බන්ධ කළා,සම්බන්ධ
සම්බන්ධ,සම්බන්ධ කරනවා
සම්බන්ධ,සම්බන්ධ කරන්න
සම්බන්ධ,සම්බන්ධ කළා
උයනවා,Cook
උයන්න,Cook
ඉව්වා,Cook
උයනවා,උයන්න
උයනවා,ඉව්වා
උයන්න,උයනවා
උයන්න,ඉව්වා
ඉව්වා,උයනවා
ඉව්වා,උයන්න
පිටපත් කරනවා,Copy
පිටපත් කරන්න,Copy
පිටපත් කළා,Copy
පිටපත්,Copy
පිටපත් කරනවා,පිටපත් කරන්න
පිටපත් කරනවා,පිටපත් කළා
පිටපත් කරනවා,පිටපත්
පිටපත් කරන්න,පිටපත් කරනවා
පිටපත් කරන්න,පිටපත් කළා
පිටපත් කරන්න,පිටපත්
පිටපත් කළා,පිටපත් කරනවා
පිටපත් කළා,පිටපත් කරන්න
පිටපත් කළා,පිටපත්
පිටපත්,පිටපත් කරනවා
පිටපත්,පිටපත් කරන්න
පිටපත්,පිටපත් කළා
කහිනවා,Cough
කහින්න,Cough
කැස්සා,Cough
කහිනවා,කහින්න
කහිනවා,කැස්සා
කහින්න,කහිනවා
කහින්න,කැස්සා
කැස්සා,කහිනවා
කැස්සා,කහින්න
ගණන් කරනවා,Count
ගණන් කරන්න,Count
ගණන් කරනවා,ගණන් කරන්න
ගණන් කරන්න,ගණන් කරනවා
වහනවා,Cover
වහන්න,Cover
වැහුවා,Cover
වහනවා,වහන්න
වහනවා,වැහුවා
වහන්න,වහනවා
වහන්න,වැහුවා
වැහුවා,වහනවා
වැහුවා,වහන්න
එළදෙන,Cow
එළ හරකා,Cow
එළදෙනුන්,Cow
එළදෙන,එළ හරකා
එළදෙන,එළදෙනුන්
එළ හරකා,එළදෙන
එළ හරකා,එළදෙනුන්
එළදෙනුන්,එළදෙන
එළදෙනුන්,එළ හරකා
කිඹුලා,Crocodile
කිඹුලෝ,Crocodile
කිඹුලෙක්,Crocodile
කිඹුලා,කිඹුලෝ
කිඹුලා,කිඹුලෙක්
කිඹුලෝ,කිඹුලා
කිඹුලෝ,කිඹුලෙක්
කිඹුලෙක්,කිඹුලා
කිඹුලෙක්,කිඹුලෝ
අඬනවා,Cry
අඬන්න,Cry
අඬුවා,Cry
අඬනවා,අඬන්න
අඬනවා,අඬුවා
අඬන්න,අඬනවා
අඬන්න,අඬුවා
අඬුවා,අඬනවා
අඬුවා,අඬන්න
සංස්කෘතිය,Culture
කෝප්පය,Cup
කපනවා,Cut
කපන්න,Cut
කැපුවා,Cut
කපනවා,කපන්න
කපනවා,කැපුවා
කපන්න,කපනවා
කපන්න,කැපුවා
කැපුවා,කපනවා
කැපුවා,කපන්න
නටන්න,Dance
නැටුවා,Dance
නටන්න,නැටුවා
නැටුවා,නටන්න
දුව,Daughter
දුවේ,Daughter
පැංචි,Daughter
දුව,දුවේ
දුව,පැංචි
දුවේ,දුව
දුවේ,පැංචි
පැංචි,දුව
පැංචි,දුවේ
දවස,Day
දින,Day
දවස,දින
දින,දවස
අනිද්දා,Day after tomorrow
බිහිරි,Deaf
ගොළු,Deaf
බිහිරි,ගොළු
ගොළු,බිහිරි
දෙසැම්බර්,December
ගැඹුරු,Deep
වැදගත්,Deep
ගැඹුරු,වැදගත්
වැදගත්,ගැඹුරු
ඩෙස්ක් එක,Desk
වෙනස්,Different
අමාරු,Difficult
Difficult,Difficult
අසීරු,Difficult
අමාරු,Difficult
අමාරු,අසීරු
Difficult,අමාරු
Difficult,අසීරු
අසීරු,අමාරු
අසීරු,Difficult
බෙදීම,Divide
දොස්තර,Doctor
වෛද්‍යවරයා,Doctor
දොස්තර,වෛද්‍යවරයා
වෛද්‍යවරයා,දොස්තර
බල්ලා,Dog
බල්ලෝ,Dog
බල්ලා,බල්ලෝ
බල්ලෝ,බල්ලා
ඉවරයි,Done
ඉවර,Done
ඉවරයි,ඉවර
ඉවර,ඉවරයි
එපා,Dont
කරන්න එපා,Dont
එපා,කරන්න එපා
කරන්න එපා,එපා
දන්නේ නෑ,Dont know
දන්නෙ නෑ,Dont know
දන්නේ නෑ,දන්නෙ නෑ
දන්නෙ නෑ,දන්නේ නෑ
දොර,Door
දොරවල්,Door
දොර,දොරවල්
දොරවල්,දොර
ඩබල්,Double
අඳිනවා,Draw
අඳින්න,Draw
ඇන්දා,Draw
අඳිනවා,අඳින්න
අඳිනවා,ඇන්දා
අඳින්න,අඳිනවා
අඳින්න,ඇන්දා
ඇන්දා,අඳිනවා
ඇන්දා,අඳින්න
බොනවා,Drink
බිව්වා,Drink
බොන්න,Drink
බොමු,Drink
බොනවා,බිව්වා
බොනවා,බොන්න
බොනවා,බොමු
බිව්වා,බොනවා
බිව්වා,බොන්න
බිව්වා,බොමු
බොන්න,බොනවා
බොන්න,බිව්වා
බොන්න,බොමු
බොමු,බොනවා
බොමු,බිව්වා
බොමු,බොන්න
කන,Ear
කනවා,Eat
කෑවා,Eat
කන්න,Eat
කමු,Eat
කනවා,කෑවා
කනවා,කන්න
කනවා,කමු
කෑවා,කනවා
කෑවා,කන්න
කෑවා,කමු
කන්න,කනවා
කන්න,කෑවා
කන්න,කමු
කමු,කනවා
කමු,කෑවා
කමු,කන්න
අයියා,Elder bro
අයියේ,Elder bro
අයිය,Elder bro
අයියා,අයියේ
අයියා,අයිය
අයියේ,අයියා
අයියේ,අයිය
අයිය,අයියා
අයිය,අයියේ
අක්කා,Elder sister
අක්කේ,Elder sister
අක්ක,Elder sister
අක්කි,Elder sister
අක්කා,අක්කේ
අක්කා,අක්ක
අක්කා,අක්කි
අක්කේ,අක්කා
අක්කේ,අක්ක
අක්කේ,අක්කි
අක්ක,අක්කා
අක්ක,අක්කේ
අක්ක,අක්කි
අක්කි,අක්කා
අක්කි,අක්කේ
අක්කි,අක්ක
අලියා,Elephant
අලි,Elephant
අලියෙක්,Elephant
අලියා,අලි
අලියා,අලියෙක්
අලි,අලියා
අලි,අලියෙක්
අලියෙක්,අලියා
අලියෙක්,අලි
ඇතුල් වෙනවා,Enter
ඇතුල් වෙන්න,Enter
ඇතුල් වුනා,Enter
ඇතුල් වෙනවා,ඇතුල් වෙන්න
ඇතුල් වෙනවා,ඇතුල් වුනා
ඇතුල් වෙන්න,ඇතුල් වෙනවා
ඇතුල් වෙන්න,ඇතුල් වුනා
ඇතුල් වුනා,ඇතුල් වෙනවා
ඇතුල් වුනා,ඇතුල් වෙන්න
සමානයි,Equal
මකනවා,Erase
මකන්න,Erase
මැකුවා,Erase
මකනවා,මකන්න
මකනවා,මැකුවා
මකන්න,මකනවා
මකන්න,මැකුවා
මැකුවා,මකනවා
මැකුවා,මකන්න
සවස,Evening
හවස,Evening
සවස,හවස
හවස,සවස
මාරු කරනවා,Exchange
මාරු කරන්න,Exchange
මාරු කළා,Exchange
හුවමාරු කරනවා,Exchange
මාරු කරනවා,මාරු කරන්න
මාරු කරනවා,මාරු කළා
මාරු කරනවා,හුවමාරු කරනවා
මාරු කරන්න,මාරු කරනවා
මාරු කරන්න,මාරු කළා
මාරු කරන්න,හුවමාරු කරනවා
මාරු කළා,මාරු කරනවා
මාරු කළා,මාරු කරන්න
මාරු කළා,හුවමාරු කරනවා
හුවමාරු කරනවා,මාරු කරනවා
හුවමාරු කරනවා,මාරු කරන්න
හුවමාරු කරනවා,මාරු කළා
ඇස,Eye
ඇස්,Eyes
මුහුණ,Face
පවුල්,Families
පවුල,Family
වේගයෙන්,Fast
වේගවත්,Fast
වේගයෙන්,වේගවත්
වේගවත්,වේගයෙන්
මහත,Fat
තරබාරු,Fat
මහත,තරබාරු
තරබාරු,මහත
තාත්තා,Father
තාත්තේ,Father
තාත්ත,Father
පියා,Father
අප්පච්චි,Father
තාත්තාම,Father
තාත්තාගේ,Father
තාත්ති,Father
තාත්තා,තාත්තේ
තාත්තා,තාත්ත
තාත්තා,පියා
තාත්තා,අප්පච්චි
තාත්තා,තාත්තාම
තාත්තා,තාත්තාගේ
තාත්තා,තාත්ති
තාත්තේ,තාත්තා
තාත්තේ,තාත්ත
තාත්තේ,පියා
තාත්තේ,අප්පච්චි
තාත්තේ,තාත්තාම
තාත්තේ,තාත්තාගේ
තාත්තේ,තාත්ති
තාත්ත,තාත්තා
තාත්ත,තාත්තේ
තාත්ත,පියා
තාත්ත,අප්පච්චි
තාත්ත,තාත්තාම
තාත්ත,තාත්තාගේ
තාත්ත,තාත්ති
පියා,තාත්තා
පියා,තාත්තේ
පියා,තාත්ත
පියා,අප්පච්චි
පියා,තාත්තාම
පියා,තාත්තාගේ
පියා,තාත්ති
අප්පච්චි,තාත්තා
අප්පච්චි,තාත්තේ
අප්පච්චි,තාත්ත
අප්පච්චි,පියා
අප්පච්චි,තාත්තාම
අප්පච්චි,තාත්තාගේ
අප්පච්චි,තාත්ති
තාත්තාම,තාත්තා
තාත්තාම,තාත්තේ
තාත්තාම,තාත්ත
තාත්තාම,පියා
තාත්තාම,අප්පච්චි
තාත්තාම,තාත්තාගේ
තාත්තාම,තාත්ති
තාත්තාගේ,තාත්තා
තාත්තාගේ,තාත්තේ
තාත්තාගේ,තාත්ත
තාත්තාගේ,පියා
තාත්තාගේ,අප්පච්චි
තාත්තාගේ,තාත්තාම
තාත්තාගේ,තාත්ති
තාත්ති,තාත්තා
තාත්ති,තාත්තේ
තාත්ති,තාත්ත
තාත්ති,පියා
තාත්ති,අප්පච්චි
තාත්ති,තාත්තාම
තාත්ති,තාත්තාගේ
බය,Fear
භය,Fear
බය,භය
භය,බය
පෙබරවාරි,February
දැනෙනවා,Feel
දැනුනා,Feel
දැනෙනවා,දැනුනා
දැනුනා,දැනෙනවා
උණ,Fever
රණ්ඩු වෙනවා,Fight
රණ්ඩු වෙන්න,Fight
රණ්ඩු වුනා,Fight
සටන් කරනවා,Fight
රණ්ඩු වෙනවා,රණ්ඩු වෙන්න
රණ්ඩු වෙනවා,රණ්ඩු වුනා
රණ්ඩු වෙනවා,සටන් කරනවා
රණ්ඩු වෙන්න,රණ්ඩු වෙනවා
රණ්ඩු වෙන්න,රණ්ඩු වුනා
රණ්ඩු වෙන්න,සටන් කරනවා
රණ්ඩු වුනා,රණ්ඩු වෙනවා
රණ්ඩු වුනා,රණ්ඩු වෙන්න
රණ්ඩු වුනා,සටන් කරනවා
සටන් කරනවා,රණ්ඩු වෙනවා
සටන් කරනවා,රණ්ඩු වෙන්න
සටන් කරනවා,රණ්ඩු වුනා
මාළුවා,Fish
මාළු,Fish
මාළුවා,මාළු
මාළු,මාළුවා
මල,Flower
මල්,Flower
මල,මල්
මල්,මල
අනුගමනය කරනවා,Follow
අනුගමනය කරන්න,Follow
අනුගමනය කළා,Follow
අනුගමනය කරනවා,අනුගමනය කරන්න
අනුගමනය කරනවා,අනුගමනය කළා
අනුගමනය කරන්න,අනුගමනය කරනවා
අනුගමනය කරන්න,අනුගමනය කළා
අනුගමනය කළා,අනුගමනය කරනවා
අනුගමනය කළා,අනුගමනය කරන්න
කෑම,Food
ආහාර,Food
කෑම,ආහාර
ආහාර,කෑම
නොමිලේ,Free
නිදහස්,Free
නොමිලේ,නිදහස්
නිදහස්,නොමිලේ
සිකුරාදා,Friday
යාළුවා,Friend
යාළුවෝ,Friend
යාළුවෙ,Friend
මිතුරේ,Friend
යාළුවා,යාළුවෝ
යාළුවා,යාළුවෙ
යාළුවා,මිතුරේ
යාළුවෝ,යාළුවා
යාළුවෝ,යාළුවෙ
යාළුවෝ,මිතුරේ
යාළුවෙ,යාළුවා
යාළුවෙ,යාළුවෝ
යාළුවෙ,මිතුරේ
මිතුරේ,යාළුවා
මිතුරේ,යාළුවෝ
මිතුරේ,යාළුවෙ
පිරුණු,Full
ඉදිරිය,Future
හෙට,Future
ඉදිරිදී,Future
ඉදිරියේ,Future
ඉදිරිය,හෙට
ඉදිරිය,ඉදිරිදී
ඉදිරිය,ඉදිරියේ
හෙට,ඉදිරිය
හෙට,ඉදිරිදී
හෙට,ඉදිරියේ
ඉදිරිදී,ඉදිරිය
ඉදිරිදී,හෙට
ඉදිරිදී,ඉදිරියේ
ඉදිරියේ,ඉදිරිය
ඉදිරියේ,හෙට
ඉදිරියේ,ඉදිරිදී
නැගිටිනවා,Get up
නැගිටින්න,Get up
නැගිට්ටා,Get up
නැගිටිනවා,නැගිටින්න
නැගිටිනවා,නැගිට්ටා
නැගිටින්න,නැගිටිනවා
නැගිටින්න,නැගිට්ටා
නැගිට්ටා,නැගිටිනවා
නැගිට්ටා,නැගිටින්න
දෙනවා,Give
දෙන්න,Give
දුන්නා,Give
දෙනවා,දෙන්න
දෙනවා,දුන්නා
දෙන්න,දෙනවා
දෙන්න,දුන්නා
දුන්නා,දෙනවා
දුන්නා,දෙන්න
යනවා,Go
යන්න,Go
ගියා,Go
යමු,Go
යන්නම්,Go
යනවා,යන්න
යනවා,ගියා
යනවා,යමු
යනවා,යන්නම්
යන්න,යනවා
යන්න,ගියා
යන්න,යමු
යන්න,යන්නම්
ගියා,යනවා
ගියා,යන්න
ගියා,යමු
ගියා,යන්නම්
යමු,යනවා
යමු,යන්න
යමු,ගියා
යමු,යන්නම්
යන්නම්,යනවා
යන්නම්,යන්න
යන්නම්,ගියා
යන්නම්,යමු
රත්තරන්,Gold
රන්,Gold
රත්තරන්,රන්
රන්,රත්තරන්
හොඳයි,Good
හොඳ,Good
හොඳයි,හොඳ
හොඳ,හොඳයි
සුබ සැන්දෑවක්,Good evening
සුබ උදෑසනක්,Good morning
සුබ රාත්‍රියක්,Good night
සීය,Grand father
සීයා,Grand father
සීයේ,Grand father
මුත්තා,Grand father
සීය,සීයා
සීය,සීයේ
සීය,මුත්තා
සීයා,සීය
සීයා,සීයේ
සීයා,මුත්තා
සීයේ,සීය
සීයේ,සීයා
සීයේ,මුත්තා
මුත්තා,සීය
මුත්තා,සීයා
මුත්තා,සීයේ
ආච්චි,Grand mother
ආච්චී,Grand mother
කිරි අම්මා,Grand mother
ආච්චියේ,Grand mother
ආච්චි,ආච්චී
ආච්චි,කිරි අම්මා
ආච්චි,ආච්චියේ
ආච්චී,ආච්චි
ආච්චී,කිරි අම්මා
ආච්චී,ආච්චියේ
කිරි අම්මා,ආච්චි
කිරි අම්මා,ආච්චී
කිරි අම්මා,ආච්චියේ
ආච්චියේ,ආච්චි
ආච්චියේ,ආච්චී
ආච්චියේ,කිරි අම්මා
මුනුපුරා,Grand son
කොළ,Green
අළු,Grey
Gray,Grey
අළු පාට,Grey
අළු,Gray
අළු,අළු පාට
Gray,අළු
Gray,අළු පාට
අළු පාට,අළු
අළු පාට,Gray
කණ්ඩායම,Group
Group,Group
කණ්ඩායම,Group
Group,කණ්ඩායම
ගයිඩ්,Guide
මාර්ගෝපදේශය,Guide
Guide,Guide
ගයිඩ්,මාර්ගෝපදේශය
ගයිඩ්,Guide
මාර්ගෝපදේශය,ගයිඩ්
මාර්ගෝපදේශය,Guide
Guide,ගයිඩ්
Guide,මාර්ගෝපදේශය
තුවක්කුව,Gun
කොණ්ඩය,Hair
අත,Hand
එල්ලනවා,Hang
එල්ලන්න,Hang
එල්ලුවා,Hang
එල්ලනවා,එල්ලන්න
එල්ලනවා,එල්ලුවා
එල්ලන්න,එල්ලනවා
එල්ලන්න,එල්ලුවා
එල්ලුවා,එල්ලනවා
එල්ලුවා,එල්ලන්න
සතුටුයි,Happy
සතුට,Happy
සන්තෝසයි,Happy
සතුටු,Happy
සතුටුයි,සතුට
සතුටුයි,සන්තෝසයි
සතුටුයි,සතුටු
සතුට,සතුටුයි
සතුට,සන්තෝසයි
සතුට,සතුටු
සන්තෝසයි,සතුටුයි
සන්තෝසයි,සතුට
සන්තෝසයි,සතුටු
සතුටු,සතුටුයි
සතුටු,සතුට
සතුටු,සන්තෝසයි
තද,Hard
ගල්,Hard
තද,ගල්
ගල්,තද
තොප්පිය,Hat
එයා,He
ඔහු,He
ඔහුව,He
එයා,ඔහු
එයා,ඔහුව
ඔහු,එයා
ඔහු,ඔහුව
ඔහුව,එයා
ඔහුව,ඔහු
ඔළුව,Head
සෞඛ්‍ය,Health
සෞඛ්‍යය,Health
සෞඛ්‍ය,සෞඛ්‍යය
සෞඛ්‍යය,සෞඛ්‍ය
නිරෝගී,Healthy
ඇහෙනවා,Hear
ඇහුනා,Hear
ඇහෙනවා,ඇහුනා
ඇහුනා,ඇහෙනවා
හෙලෝ,Hello
හායි,Hello
හෙලෝ,හායි
හායි,හෙලෝ
උදව්,Help
උදව් කරනවා,Help
උදව් කරන්න,Help
උදව් කළා,Help
Help,Help
උදව්,උදව් කරනවා
උදව්,උදව් කරන්න
උදව්,උදව් කළා
උදව්,Help
උදව් කරනවා,උදව්
උදව් කරනවා,උදව් කරන්න
උදව් කරනවා,උදව් කළා
උදව් කරනවා,Help
උදව් කරන්න,උදව්
උදව් කරන්න,උදව් කරනවා
උදව් කරන්න,උදව් කළා
උදව් කරන්න,Help
උදව් කළා,උදව්
උදව් කළා,උදව් කරනවා
උදව් කළා,උදව් කරන්න
උදව් කළා,Help
Help,උදව්
Help,උදව් කරනවා
Help,උදව් කරන්න
Help,උදව් කළා
මෙහෙ,Here
මෙතන,Here
මෙහෙ,මෙතන
මෙතන,මෙහෙ
උස,High
කන්ද,Hill
ගහනවා,Hit
ගහන්න,Hit
ගැහුවා,Hit
ගහනවා,ගහන්න
ගහනවා,ගැහුවා
ගහන්න,ගහනවා
ගහන්න,ගැහුවා
ගැහුවා,ගහනවා
ගැහුවා,ගහන්න
රෝහල,Hospital
ඉස්පිරිතාලෙ,Hospital
හොස්පිට්ල්,Hospital
සුවසෙවන,Hospital
රෝහල,ඉස්පිරිතාලෙ
රෝහල,හොස්පිට්ල්
රෝහල,සුවසෙවන
ඉස්පිරිතාලෙ,රෝහල
ඉස්පිරිතාලෙ,හොස්පිට්ල්
ඉස්පිරිතාලෙ,සුවසෙවන
හොස්පිට්ල්,රෝහල
හොස්පිට්ල්,ඉස්පිරිතාලෙ
හොස්පිට්ල්,සුවසෙවන
සුවසෙවන,රෝහල
සුවසෙවන,ඉස්පිරිතාලෙ
සුවසෙවන,හොස්පිට්ල්
පැය,Hour
ගෙදර,House
නිවස,House
ගේ,House
ගෙවල්,House
Home,House
ගෙය,House
නිවහන,House
ගෙදර,නිවස
ගෙදර,ගේ
ගෙදර,ගෙවල්
ගෙදර,Home
ගෙදර,ගෙය
ගෙදර,නිවහන
නිවස,ගෙදර
නිවස,ගේ
නිවස,ගෙවල්
නිවස,Home
නිවස,ගෙය
නිවස,නිවහන
ගේ,ගෙදර
ගේ,නිවස
ගේ,ගෙවල්
ගේ,Home
ගේ,ගෙය
ගේ,නිවහන
ගෙවල්,ගෙදර
ගෙවල්,නිවස
ගෙවල්,ගේ
ගෙවල්,Home
ගෙවල්,ගෙය
ගෙවල්,නිවහන
Home,ගෙදර
Home,නිවස
Home,ගේ
Home,ගෙවල්
Home,ගෙය
Home,නිවහන
ගෙය,ගෙදර
ගෙය,නිවස
ගෙය,ගේ
ගෙය,ගෙවල්
ගෙය,Home
ගෙය,නිවහන
නිවහන,ගෙදර
නිවහන,නිවස
නිවහන,ගේ
නිවහන,ගෙවල්
නිවහන,Home
නිවහන,ගෙය
කොහොමද,How are you
සැප සනීප,How are you
කොහොමද,සැප සනීප
සැප සනීප,කොහොමද
කොච්චර,How many
කොච්චරද,How many
කොච්චර,කොච්චරද
කොච්චරද,කොච්චර
කොපමණ,How much
කීයද,How much
කොපමණ,කීයද
කීයද,කොපමණ
සැමියා,Husband
මහත්තයා,Husband
සැමියා,මහත්තයා
මහත්තයා,සැමියා
මම,I
මට,I
මා,I
මාව,I
මං,I
මන්,I
මමයි,I
මම,මට
මම,මා
මම,මාව
මම,මං
මම,මන්
මම,මමයි
මට,මම
මට,මා
මට,මාව
මට,මං
මට,මන්
මට,මමයි
මා,මම
මා,මට
මා,මාව
මා,මං
මා,මන්
මා,මමයි
මාව,මම
මාව,මට
මාව,මා
මාව,මං
මාව,මන්
මාව,මමයි
මං,මම
මං,මට
මං,මා
මං,මාව
මං,මන්
මං,මමයි
මන්,මම
මන්,මට
මන්,මා
මන්,මාව
මන්,මං
මන්,මමයි
මමයි,මම
මමයි,මට
මමයි,මා
මමයි,මාව
මමයි,මං
මමයි,මන්
බලපෑම,Impact
Effect,Impact
බලපෑම,Effect
Effect,බලපෑම
තුල,In
ඇතුලෙ,In
තුල,ඇතුලෙ
ඇතුලෙ,තුල
ස්වාධීන,Independent
ඇතුලේ,Inside
ඇතුළත,Inside
ඇතුලේ,ඇතුළත
ඇතුළත,ඇතුලේ
ඒ වෙනුවට,Instead
වෙනුවට,Instead
ඒ වෙනුවට,වෙනුවට
වෙනුවට,ඒ වෙනුවට
අන්තර්ජාලය,Internet
ඉන්ටර්නෙට්,Internet
අන්තර්ජාලය,ඉන්ටර්නෙට්
ඉන්ටර්නෙට්,අන්තර්ජාලය
මම දන්නවා,I know
දන්නවා,I know
මම දන්නවා,දන්නවා
දන්නවා,මම දන්නවා
ජනවාරි,January
ජූලි,July
පනිනවා,Jump
පනින්න,Jump
පැන්නා,Jump
පනිනවා,පනින්න
පනිනවා,පැන්නා
පනින්න,පනිනවා
පනින්න,පැන්නා
පැන්නා,පනිනවා
පැන්නා,පනින්න
ජූනි,June
යතුර,Key
පිහිය,Knife
තට්ටු කරනවා,Knock
තට්ටු කරන්න,Knock
තට්ටු කළා,Knock
තට්ටු කරනවා,තට්ටු කරන්න
තට්ටු කරනවා,තට්ටු කළා
තට්ටු කරන්න,තට්ටු කරනවා
තට්ටු කරන්න,තට්ටු කළා
තට්ටු කළා,තට්ටු කරනවා
තට්ටු කළා,තට්ටු කරන්න
කාන්තාව,Lady
ගෑණු,Lady
වනිතාව,Lady
කාන්තාව,ගෑණු
කාන්තාව,වනිතාව
ගෑණු,කාන්තාව
ගෑණු,වනිතාව
වනිතාව,කාන්තාව
වනිතාව,ගෑණු
ලැප්ටොප්,Laptop
ලැප්ටොප් එක,Laptop
ලැප්ටොප්,ලැප්ටොප් එක
ලැප්ටොප් එක,ලැප්ටොප්
හිනාවෙනවා,Laugh
හිනා වුනා,Laugh
හිනාවෙනවා,හිනා වුනා
හිනා වුනා,හිනාවෙනවා
මඟ පෙන්වනවා,Lead
කකුල,Leg
අඩු,Less
අඩුයි,Less
Less,Less
අඩු,අඩුයි
අඩු,Less
අඩුයි,අඩු
අඩුයි,Less
Less,අඩු
Less,අඩුයි
ඉඩ දෙන්න,Let
කැමතියි,Like
කැමති,Like
කැමතියි,කැමති
කැමති,කැමතියි
සිංහයා,Lion
සිංහයෝ,Lion
සිංහයා,සිංහයෝ
සිංහයෝ,සිංහයා
ලැයිස්තුව,List
අහනවා,Listen
අහන්න,Listen
ඇහුවා,Listen
ඇහුම්කන් දෙනවා,Listen
අහනවා,අහන්න
අහනවා,ඇහුවා
අහනවා,ඇහුම්කන් දෙනවා
අහන්න,අහනවා
අහන්න,ඇහුවා
අහන්න,ඇහුම්කන් දෙනවා
ඇහුවා,අහනවා
ඇහුවා,අහන්න
ඇහුවා,ඇහුම්කන් දෙනවා
ඇහුම්කන් දෙනවා,අහනවා
ඇහුම්කන් දෙනවා,අහන්න
ඇහුම්කන් දෙනවා,ඇහුවා
ස්ථානය,Location
තැන,Location
ස්ථානය,තැන
තැන,ස්ථානය
අගුල,Lock
බුරුල්,Loose
ආදරෙයි,Love
ආදරය,Love
ආදරය කරනවා,Love
ආදරෙයි,ආදරය
ආදරෙයි,ආදරය කරනවා
ආදරය,ආදරෙයි
ආදරය,ආදරය කරනවා
ආදරය කරනවා,ආදරෙයි
ආදරය කරනවා,ආදරය
අඩු,Low
හදනවා,Make
හදන්න,Make
හැදුවා,Make
හදනවා,හදන්න
හදනවා,හැදුවා
හදන්න,හදනවා
හදන්න,හැදුවා
හැදුවා,හදනවා
හැදුවා,හදන්න
මිනිහා,Man
පිරිමි,Man
පුද්ගලයා,Man
මිනිහා,පිරිමි
මිනිහා,පුද්ගලයා
පිරිමි,මිනිහා
පිරිමි,පුද්ගලයා
පුද්ගලයා,මිනිහා
පුද්ගලයා,පිරිමි
මාර්තු,March
මැයි,May
බෙහෙත්,Medicine
ඖෂධ,Medicine
බෙහෙත්,ඖෂධ
ඖෂධ,බෙහෙත්
හමුවෙනවා,Meet
හමුවෙන්න,Meet
හමු වුනා,Meet
හමුවෙනවා,හමුවෙන්න
හමුවෙනවා,හමු වුනා
හමුවෙන්න,හමුවෙනවා
හමුවෙන්න,හමු වුනා
හමු වුනා,හමුවෙනවා
හමු වුනා,හමුවෙන්න
මැද,Middle
කිරි,Milk
මනස,Mind
විනාඩි,Minutes
සඳුදා,Monday
මුදල්,Money
සල්ලි,Money
මුදල්,සල්ලි
සල්ලි,මුදල්
වඳුරා,Monkey
වඳුරෝ,Monkey
වඳුරා,වඳුරෝ
වඳුරෝ,වඳුරා
මාසය,Month
මාස,Months
හඳ,Moon
චන්ද්‍රයා,Moon
හඳ,චන්ද්‍රයා
චන්ද්‍රයා,හඳ
උදේ,Morning
උදෑසන,Morning
උදේ,උදෑසන
උදෑසන,උදේ
අම්මා,Mother
අම්මේ,Mother
අම්ම,Mother
මව,Mother
මෑණියන්,Mother
අම්මි,Mother
අම්මා,අම්මේ
අම්මා,අම්ම
අම්මා,මව
අම්මා,මෑණියන්
අම්මා,අම්මි
අම්මේ,අම්මා
අම්මේ,අම්ම
අම්මේ,මව
අම්මේ,මෑණියන්
අම්මේ,අම්මි
අම්ම,අම්මා
අම්ම,අම්මේ
අම්ම,මව
අම්ම,මෑණියන්
අම්ම,අම්මි
මව,අම්මා
මව,අම්මේ
මව,අම්ම
මව,මෑණියන්
මව,අම්මි
මෑණියන්,අම්මා
මෑණියන්,අම්මේ
මෑණියන්,අම්ම
මෑණියන්,මව
මෑණියන්,අම්මි
අම්මි,අම්මා
අම්මි,අම්මේ
අම්මි,අම්ම
අම්මි,මව
අම්මි,මෑණියන්
මෝටර් සයිකලය,Motorcycle
මෝටර් සයිකල්,Motorcycle
බයික් එක,Motorcycle
මෝටර් සයිකලය,මෝටර් සයිකල්
මෝටර් සයිකලය,බයික් එක
මෝටර් සයිකල්,මෝටර් සයිකලය
මෝටර් සයිකල්,බයික් එක
බයික් එක,මෝටර් සයිකලය
බයික් එක,මෝටර් සයිකල්
කට,Mouth
චිත්‍රපටය,Movie
ෆිල්ම්,Movie
චිත්‍රපටිය,Movie
ෆිල්ම් එක,Movie
චිත්‍රපටය,ෆිල්ම්
චිත්‍රපටය,චිත්‍රපටිය
චිත්‍රපටය,ෆිල්ම් එක
ෆිල්ම්,චිත්‍රපටය
ෆිල්ම්,චිත්‍රපටිය
ෆිල්ම්,ෆිල්ම් එක
චිත්‍රපටිය,චිත්‍රපටය
චිත්‍රපටිය,ෆිල්ම්
චිත්‍රපටිය,ෆිල්ම් එක
ෆිල්ම් එක,චිත්‍රපටය
ෆිල්ම් එක,ෆිල්ම්
ෆිල්ම් එක,චිත්‍රපටිය
ගුණ කිරීම,Multiplication
මගේ,My
ළඟ,Near
අසල,Near
ළඟ,අසල
අසල,ළඟ
ජාලය,Network
කවදාවත්,Never
ඊළඟ,Next
අල්ලපු ගෙදර,Next door
රාත්‍රිය,Night
රෑ,Night
රාත්‍රිය,රෑ
රෑ,රාත්‍රිය
නෑ,No
නැහැ,No
නෑ,නැහැ
නැහැ,නෑ
කිසිවක් නැත,None
නහය,Nose
නෑ,Not
නැහැ,Not
නෑ,නැහැ
නැහැ,නෑ
හොඳ නෑ,Not good
කැමති නැහැ,Not like
අකමැතියි,Not like
කැමති නැහැ,අකමැතියි
අකමැතියි,කැමති නැහැ
කැමති නෑ,Not like (dislike)
නොවැම්බර්,November
දැන්,Now
ඔක්තෝබර්,October
පරණ,Old
වයසක,Old
පරණ,වයසක
වයසක,පරණ
මත,On
අරිනවා,Open
විවෘත කරනවා,Open
ඇරියා,Open
අරිනවා,විවෘත කරනවා
අරිනවා,ඇරියා
විවෘත කරනවා,අරිනවා
විවෘත කරනවා,ඇරියා
ඇරියා,අරිනවා
ඇරියා,විවෘත කරනවා
හෝ,Or
නැත්නම්,Or
හෝ,නැත්නම්
නැත්නම්,හෝ
තැඹිලි,Orange
ඇණවුම් කරනවා,Order
ඇණවුම් කරන්න,Order
ඇණවුම් කළා,Order
ඇණවුම් කරනවා,ඇණවුම් කරන්න
ඇණවුම් කරනවා,ඇණවුම් කළා
ඇණවුම් කරන්න,ඇණවුම් කරනවා
ඇණවුම් කරන්න,ඇණවුම් කළා
ඇණවුම් කළා,ඇණවුම් කරනවා
ඇණවුම් කළා,ඇණවුම් කරන්න
අපේ,Our
එළියෙ,Out
පිටත,Out
එළියෙ,පිටත
පිටත,එළියෙ
උඩින්,Over
තීන්ත,Paint
කොටස,Part
අතීත,Past
මාර්ගය,Path
සාමය,Peace
චූ කරනවා,Peeing
චූ කරන්න,Peeing
චූ කරනවා,චූ කරන්න
චූ කරන්න,චූ කරනවා
පෑන,Pen
පෑන්,Pen
පෑන,පෑන්
පෑන්,පෑන
පැන්සල,Pencil
මිනිස්සු,People
ජනතාව,People
මිනිස්සු,ජනතාව
ජනතාව,මිනිස්සු
ජංගම දුරකථනය,Phone
ෆෝන් එක,Phone
ජංගම දුරකථනය,ෆෝන් එක
ෆෝන් එක,ජංගම දුරකථනය
රෝස,Pink
ප්ලේන් එක,Plane
ගුවන් යානය,Plane
ප්ලේන්,Plane
ප්ලේන් එක,ගුවන් යානය
ප්ලේන් එක,ප්ලේන්
ගුවන් යානය,ප්ලේන් එක
ගුවන් යානය,ප්ලේන්
ප්ලේන්,ප්ලේන් එක
ප්ලේන්,ගුවන් යානය
පීරිසිය,Plate
පිඟාන,Plate
පීරිසිය,පිඟාන
පිඟාන,පීරිසිය
සෙල්ලම් කරනවා,Play
සෙල්ලම් කරන්න,Play
සෙල්ලම් කළා,Play
සෙල්ලම්,Play
Play,Play
සෙල්ලම් කරනවා,සෙල්ලම් කරන්න
සෙල්ලම් කරනවා,සෙල්ලම් කළා
සෙල්ලම් කරනවා,සෙල්ලම්
සෙල්ලම් කරනවා,Play
සෙල්ලම් කරන්න,සෙල්ලම් කරනවා
සෙල්ලම් කරන්න,සෙල්ලම් කළා
සෙල්ලම් කරන්න,සෙල්ලම්
සෙල්ලම් කරන්න,Play
සෙල්ලම් කළා,සෙල්ලම් කරනවා
සෙල්ලම් කළා,සෙල්ලම් කරන්න
සෙල්ලම් කළා,සෙල්ලම්
සෙල්ලම් කළා,Play
සෙල්ලම්,සෙල්ලම් කරනවා
සෙල්ලම්,සෙල්ලම් කරන්න
සෙල්ලම්,සෙල්ලම් කළා
සෙල්ලම්,Play
Play,සෙල්ලම් කරනවා
Play,සෙල්ලම් කරන්න
Play,සෙල්ලම් කළා
Play,සෙල්ලම්
ක්‍රීඩකයා,Player
 සාක්කුව,Pocket
සාක්කුව,Pocket
 සාක්කුව,සාක්කුව
සාක්කුව, සාක්කුව
ලක්ෂ්‍යය,Point
Point,Point
ලක්ෂ්‍යය,Point
Point,ලක්ෂ්‍යය
පොලිස්,Police
රාළහාමි,Police
පොලිස්,රාළහාමි
රාළහාමි,පොලිස්
පොලිසිය,Police station
පොලිස් ස්ථානය,Police station
පොලිසිය,පොලිස් ස්ථානය
පොලිස් ස්ථානය,පොලිසිය
ධනාත්මක,Positive
වර්තමාන,Present
ප්‍රශ්නය,Problem
අදිනවා,Pull
අදින්න,Pull
ඇද්දා,Pull
අදිනවා,අදින්න
අදිනවා,ඇද්දා
අදින්න,අදිනවා
අදින්න,ඇද්දා
ඇද්දා,අදිනවා
ඇද්දා,අදින්න
දම්,Purple
දානවා,Put
දාන්න,Put
දැම්මා,Put
දානවා,දාන්න
දානවා,දැම්මා
දාන්න,දානවා
දාන්න,දැම්මා
දැම්මා,දානවා
දැම්මා,දාන්න
ඉක්මන්,Quick
ඉක්මනට,Quickly
හාවා,Rabbit
හාවෝ,Rabbit
හාවෙක්,Rabbit
හාවා,හාවෝ
හාවා,හාවෙක්
හාවෝ,හාවා
හාවෝ,හාවෙක්
හාවෙක්,හාවා
හාවෙක්,හාවෝ
ගුවන් විදුලිය,Radio
රේඩියෝව,Radio
ගුවන් විදුලිය,රේඩියෝව
රේඩියෝව,ගුවන් විදුලිය
කියවනවා,Read
කියවන්න,Read
කියවනවා,කියවන්න
කියවන්න,කියවනවා
රතු,Red
නෑදෑයෝ,Relations
බත්,Rice
පොහොසත්,Rich
සල්ලි තියෙන,Rich
පොහොසත්,සල්ලි තියෙන
සල්ලි තියෙන,පොහොසත්
මුද්ද,Ring
පාර,Road
දුවනවා,Run
දුවන්න,Run
දිව්වා,Run
දුවනවා,දුවන්න
දුවනවා,දිව්වා
දුවන්න,දුවනවා
දුවන්න,දිව්වා
දිව්වා,දුවනවා
දිව්වා,දුවන්න
දුක,Sad
කණගාටු,Sad
දුකයි,Sad
දුක,කණගාටු
දුක,දුකයි
කණගාටු,දුක
කණගාටු,දුකයි
දුකයි,දුක
දුකයි,කණගාටු
එකම,Same
වැලි,Sand
සාරිය,Saree
සෙනසුරාදා,Saturday
පාසල,School
ඉස්කෝලේ,School
විදුහල,School
ඉස්කෝලෙ,School
විද්‍යාලය,School
පාසල,ඉස්කෝලේ
පාසල,විදුහල
පාසල,ඉස්කෝලෙ
පාසල,විද්‍යාලය
ඉස්කෝලේ,පාසල
ඉස්කෝලේ,විදුහල
ඉස්කෝලේ,ඉස්කෝලෙ
ඉස්කෝලේ,විද්‍යාලය
විදුහල,පාසල
විදුහල,ඉස්කෝලේ
විදුහල,ඉස්කෝලෙ
විදුහල,විද්‍යාලය
ඉස්කෝලෙ,පාසල
ඉස්කෝලෙ,ඉස්කෝලේ
ඉස්කෝලෙ,විදුහල
ඉස්කෝලෙ,විද්‍යාලය
විද්‍යාලය,පාසල
විද්‍යාලය,ඉස්කෝලේ
විද්‍යාලය,විදුහල
විද්‍යාලය,ඉස්කෝලෙ
කසනවා,Scratch
කසන්න,Scratch
කැසුවා,Scratch
කසනවා,කසන්න
කසනවා,කැසුවා
කසන්න,කසනවා
කසන්න,කැසුවා
කැසුවා,කසනවා
කැසුවා,කසන්න
හොයනවා,Search
හොයන්න,Search
හෙව්වා,Search
හොයනවා,හොයන්න
හොයනවා,හෙව්වා
හොයන්න,හොයනවා
හොයන්න,හෙව්වා
හෙව්වා,හොයනවා
හෙව්වා,හොයන්න
තත්පර,Seconds
පේනවා,See
දැක්කා,See
දකිනවා,See
දකින්න,See
පේනවා,දැක්කා
පේනවා,දකිනවා
පේනවා,දකින්න
දැක්කා,පේනවා
දැක්කා,දකිනවා
දැක්කා,දකින්න
දකිනවා,පේනවා
දකිනවා,දැක්කා
දකිනවා,දකින්න
දකින්න,පේනවා
දකින්න,දැක්කා
දකින්න,දකිනවා
තෝරනවා,Select
තෝරන්න,Select
තේරුවා,Select
තෝරාගන්නවා,Select
තෝරනවා,තෝරන්න
තෝරනවා,තේරුවා
තෝරනවා,තෝරාගන්නවා
තෝරන්න,තෝරනවා
තෝරන්න,තේරුවා
තෝරන්න,තෝරාගන්නවා
තේරුවා,තෝරනවා
තේරුවා,තෝරන්න
තේරුවා,තෝරාගන්නවා
තෝරාගන්නවා,තෝරනවා
තෝරාගන්නවා,තෝරන්න
තෝරාගන්නවා,තේරුවා
විකුණනවා,Sell
විකුණන්න,Sell
විකුනුවා,Sell
විකුණනවා,විකුණන්න
විකුණනවා,විකුනුවා
විකුණන්න,විකුණනවා
විකුණන්න,විකුනුවා
විකුනුවා,විකුණනවා
විකුනුවා,විකුණන්න
ජ්‍යෙෂ්ඨ,Senior
සැප්තැම්බර්,September
බෙදාගෙන,Share
කමිසය,Shirt
ෂර්ට් එක,Shirt
කමිසය,ෂර්ට් එක
ෂර්ට් එක,කමිසය
කඩේ,Shop
කඩ,Shop
වෙළඳසැල,Shop
සාප්පුව,Shop
කඩේ,කඩ
කඩේ,වෙළඳසැල
කඩේ,සාප්පුව
කඩ,කඩේ
කඩ,වෙළඳසැල
කඩ,සාප්පුව
වෙළඳසැල,කඩේ
වෙළඳසැල,කඩ
වෙළඳසැල,සාප්පුව
සාප්පුව,කඩේ
සාප්පුව,කඩ
සාප්පුව,වෙළඳසැල
පෙන්වනවා,Show
පෙන්වන්න,Show
පෙන්නුවා,Show
පෙන්වනවා,පෙන්වන්න
පෙන්වනවා,පෙන්නුවා
පෙන්වන්න,පෙන්වනවා
පෙන්වන්න,පෙන්නුවා
පෙන්නුවා,පෙන්වනවා
පෙන්නුවා,පෙන්වන්න
සලකුණ,Sign
ලකුණ,Sign
සලකුණ,ලකුණ
ලකුණ,සලකුණ
සංඥා භාෂාව,Sign language
සහෝදරිය,Sister
නෑනා,Sister in law
වාඩි වෙනවා,Sit
ඉඳගන්න,Sit
වාඩි වුනා,Sit
වාඩිවෙනවා,Sit
වාඩිවෙන්න,Sit
වාඩි වෙනවා,ඉඳගන්න
වාඩි වෙනවා,වාඩි වුනා
වාඩි වෙනවා,වාඩිවෙනවා
වාඩි වෙනවා,වාඩිවෙන්න
ඉඳගන්න,වාඩි වෙනවා
ඉඳගන්න,වාඩි වුනා
ඉඳගන්න,වාඩිවෙනවා
ඉඳගන්න,වාඩිවෙන්න
වාඩි වුනා,වාඩි වෙනවා
වාඩි වුනා,ඉඳගන්න
වාඩි වුනා,වාඩිවෙනවා
වාඩි වුනා,වාඩිවෙන්න
වාඩිවෙනවා,වාඩි වෙනවා
වාඩිවෙනවා,ඉඳගන්න
වාඩිවෙනවා,වාඩි වුනා
වාඩිවෙනවා,වාඩිවෙන්න
වාඩිවෙන්න,වාඩි වෙනවා
වාඩිවෙන්න,ඉඳගන්න
වාඩිවෙන්න,වාඩි වුනා
වාඩිවෙන්න,වාඩිවෙනවා
සාය,Skirt
නිදා ගන්නවා,Sleep
නිදාගන්න,Sleep
නිදාගන්නවා,Sleep
නිදා ගත්තා,Sleep
බුදියනවා,Sleep
නිදා ගන්නවා,නිදාගන්න
නිදා ගන්නවා,නිදාගන්නවා
නිදා ගන්නවා,නිදා ගත්තා
නිදා ගන්නවා,බුදියනවා
නිදාගන්න,නිදා ගන්නවා
නිදාගන්න,නිදාගන්නවා
නිදාගන්න,නිදා ගත්තා
නිදාගන්න,බුදියනවා
නිදාගන්නවා,නිදා ගන්නවා
නිදාගන්නවා,නිදාගන්න
නිදාගන්නවා,නිදා ගත්තා
නිදාගන්නවා,බුදියනවා
නිදා ගත්තා,නිදා ගන්නවා
නිදා ගත්තා,නිදාගන්න
නිදා ගත්තා,නිදාගන්නවා
නිදා ගත්තා,බුදියනවා
බුදියනවා,නිදා ගන්නවා
බුදියනවා,නිදාගන්න
බුදියනවා,නිදාගන්නවා
බුදියනවා,නිදා ගත්තා
පොඩි,Small
පුංචි,Small
පොඩි,පුංචි
පුංචි,පොඩි
හිනා වෙනවා,Smile
හිනා,Smile
Smile,Smile
හිනා වෙනවා,හිනා
හිනා වෙනවා,Smile
හිනා,හිනා වෙනවා
හිනා,Smile
Smile,හිනා වෙනවා
Smile,හිනා
නයා,Snake
නයින්,Snake
නයා,නයින්
නයින්,නයා
සමාජය,Society
මෘදු,Soft
පුතා,Son
පුතේ,Son
පිරිමි ළමයා,Son
පුතා,පුතේ
පුතා,පිරිමි ළමයා
පුතේ,පුතා
පුතේ,පිරිමි ළමයා
පිරිමි ළමයා,පුතා
පිරිමි ළමයා,පුතේ
සින්දුව,Song
ගීතය,Song
සිංදුව,Song
සින්දුව,ගීතය
සින්දුව,සිංදුව
ගීතය,සින්දුව
ගීතය,සිංදුව
සිංදුව,සින්දුව
සිංදුව,ගීතය
හැන්ද,Spoon
ලේනා,Squirrel
බඩ,Stomach
නවත්වන්න,Stop
නවතින්න,Stop
නැවැත්තුවා,Stop
නවත්වන්න,නවතින්න
නවත්වන්න,නැවැත්තුවා
නවතින්න,නවත්වන්න
නවතින්න,නැවැත්තුවා
නැවැත්තුවා,නවත්වන්න
නැවැත්තුවා,නවතින්න
වීදිය,Street
ශක්තිමත්,Strong
හැට්ටය,Structure
ව්‍යුහය,Structure
හැට්ටය,ව්‍යුහය
ව්‍යුහය,හැට්ටය
ශිෂ්‍යයා,Student
පාඩම් කරනවා,Study
පාඩම් කරන්න,Study
පාඩම් කළා,Study
ඉගෙනගන්න,Study
පාඩම් කරනවා,පාඩම් කරන්න
පාඩම් කරනවා,පාඩම් කළා
පාඩම් කරනවා,ඉගෙනගන්න
පාඩම් කරන්න,පාඩම් කරනවා
පාඩම් කරන්න,පාඩම් කළා
පාඩම් කරන්න,ඉගෙනගන්න
පාඩම් කළා,පාඩම් කරනවා
පාඩම් කළා,පාඩම් කරන්න
පාඩම් කළා,ඉගෙනගන්න
ඉගෙනගන්න,පාඩම් කරනවා
ඉගෙනගන්න,පාඩම් කරන්න
ඉගෙනගන්න,පාඩම් කළා
අඩු කිරීම,Subtraction
ඇඳුම,Suit
ඉරිදා,Sunday
අතු ගානවා,Sweep
අතු ගාන්න,Sweep
අතු ගෑවා,Sweep
අතු ගානවා,අතු ගාන්න
අතු ගානවා,අතු ගෑවා
අතු ගාන්න,අතු ගානවා
අතු ගාන්න,අතු ගෑවා
අතු ගෑවා,අතු ගානවා
අතු ගෑවා,අතු ගාන්න
පීනනවා,Swim
පීනන්න,Swim
පීනුවා,Swim
පීනනවා,පීනන්න
පීනනවා,පීනුවා
පීනන්න,පීනනවා
පීනන්න,පීනුවා
පීනුවා,පීනනවා
පීනුවා,පීනන්න
මේසය,Table
මේස,Table
මේසය,මේස
මේස,මේසය
ගන්නවා,Take
ගන්න,Take
ගත්තා,Take
ගන්නවා,ගන්න
ගන්නවා,ගත්තා
ගන්න,ගන්නවා
ගන්න,ගත්තා
ගත්තා,ගන්නවා
ගත්තා,ගන්න
කතා කරනවා,Talk
කතා කරන්න,Talk
කතා කළා,Talk
කතා,Talk
 කියන්න,Talk
Speak,Talk
Say,Talk
කතා කරනවා,කතා කරන්න
කතා කරනවා,කතා කළා
කතා කරනවා,කතා
කතා කරනවා, කියන්න
කතා කරනවා,Speak
කතා කරනවා,Say
කතා කරන්න,කතා කරනවා
කතා කරන්න,කතා කළා
කතා කරන්න,කතා
කතා කරන්න, කියන්න
කතා කරන්න,Speak
කතා කරන්න,Say
කතා කළා,කතා කරනවා
කතා කළා,කතා කරන්න
කතා කළා,කතා
කතා කළා, කියන්න
කතා කළා,Speak
කතා කළා,Say
කතා,කතා කරනවා
කතා,කතා කරන්න
කතා,කතා කළා
කතා, කියන්න
කතා,Speak
කතා,Say
 කියන්න,කතා කරනවා
 කියන්න,කතා කරන්න
 කියන්න,කතා කළා
 කියන්න,කතා
 කියන්න,Speak
 කියන්න,Say
Speak,කතා කරනවා
Speak,කතා කරන්න
Speak,කතා කළා
Speak,කතා
Speak, කියන්න
Speak,Say
Say,කතා කරනවා
Say,කතා කරන්න
Say,කතා කළා
Say,කතා
Say, කියන්න
Say,Speak
තේ,Tea
උගන්වනවා,Teach
උගන්වන්න,Teach
ඉගැන්නුවා,Teach
උගන්වනවා,උගන්වන්න
උගන්වනවා,ඉගැන්නුවා
උගන්වන්න,උගන්වනවා
උගන්වන්න,ඉගැන්නුවා
ඉගැන්නුවා,උගන්වනවා
ඉගැන්නුවා,උගන්වන්න
ගුරුවරයා,Teacher
ගුරුතුමා,Teacher
සර්,Teacher
ගුරුවරිය,Teacher
ගුරුතුමී,Teacher
මිස්,Teacher
ගුරුමිය,Teacher
ගුරුවරයා,ගුරුතුමා
ගුරුවරයා,සර්
ගුරුවරයා,ගුරුවරිය
ගුරුවරයා,ගුරුතුමී
ගුරුවරයා,මිස්
ගුරුවරයා,ගුරුමිය
ගුරුතුමා,ගුරුවරයා
ගුරුතුමා,සර්
ගුරුතුමා,ගුරුවරිය
ගුරුතුමා,ගුරුතුමී
ගුරුතුමා,මිස්
ගුරුතුමා,ගුරුමිය
සර්,ගුරුවරයා
සර්,ගුරුතුමා
සර්,ගුරුවරිය
සර්,ගුරුතුමී
සර්,මිස්
සර්,ගුරුමිය
ගුරුවරිය,ගුරුවරයා
ගුරුවරිය,ගුරුතුමා
ගුරුවරිය,සර්
ගුරුවරිය,ගුරුතුමී
ගුරුවරිය,මිස්
ගුරුවරිය,ගුරුමිය
ගුරුතුමී,ගුරුවරයා
ගුරුතුමී,ගුරුතුමා
ගුරුතුමී,සර්
ගුරුතුමී,ගුරුවරිය
ගුරුතුමී,මිස්
ගුරුතුමී,ගුරුමිය
මිස්,ගුරුවරයා
මිස්,ගුරුතුමා
මිස්,සර්
මිස්,ගුරුවරිය
මිස්,ගුරුතුමී
මිස්,ගුරුමිය
ගුරුමිය,ගුරුවරයා
ගුරුමිය,ගුරුතුමා
ගුරුමිය,සර්
ගුරුමිය,ගුරුවරිය
ගුරුමිය,ගුරුතුමී
ගුරුමිය,මිස්
ඉරනවා,Tear
ඉරන්න,Tear
ඉරුවා,Tear
ඉරනවා,ඉරන්න
ඉරනවා,ඉරුවා
ඉරන්න,ඉරනවා
ඉරන්න,ඉරුවා
ඉරුවා,ඉරනවා
ඉරුවා,ඉරන්න
තාක්ෂණය,Technology
දත්,Teeth
දුරකථනය,Telephone
ටෙලිෆෝන්,Telephone
දුරකථනය,ටෙලිෆෝන්
ටෙලිෆෝන්,දුරකථනය
කියනවා,Tell
කියන්න,Tell
කිව්වා,Tell
කියනවා,කියන්න
කියනවා,කිව්වා
කියන්න,කියනවා
කියන්න,කිව්වා
කිව්වා,කියනවා
කිව්වා,කියන්න
පන්සල,Temple
පන්සල්,Temple
ආරාමය,Temple
පන්සල,පන්සල්
පන්සල,ආරාමය
පන්සල්,පන්සල
පන්සල්,ආරාමය
ආරාමය,පන්සල
ආරාමය,පන්සල්
පණිවිඩය,Text
මැසේජ් කරනවා,Text
මැසේජ්,Text
පණිවිඩය,මැසේජ් කරනවා
පණිවිඩය,මැසේජ්
මැසේජ් කරනවා,පණිවිඩය
මැසේජ් කරනවා,මැසේජ්
මැසේජ්,පණිවිඩය
මැසේජ්,මැසේජ් කරනවා
වඩා,Than
ස්තුතියි,Thank you
බොහොම ස්තුතියි,Thank you
ස්තූතියි,Thank you
ස්තුතියි,බොහොම ස්තුතියි
ස්තුතියි,ස්තූතියි
බොහොම ස්තුතියි,ස්තුතියි
බොහොම ස්තුතියි,ස්තූතියි
ස්තූතියි,ස්තුතියි
ස්තූතියි,බොහොම ස්තුතියි
එයාලා,They
ඔවුන්,They
ඒගොල්ලෝ,They
එයාලා,ඔවුන්
එයාලා,ඒගොල්ලෝ
ඔවුන්,එයාලා
ඔවුන්,ඒගොල්ලෝ
ඒගොල්ලෝ,එයාලා
ඒගොල්ලෝ,ඔවුන්
හොරා,Thief
හිතනවා,Think
හිතන්න,Think
හිතුවා,Think
හිතනවා,හිතන්න
හිතනවා,හිතුවා
හිතන්න,හිතනවා
හිතන්න,හිතුවා
හිතුවා,හිතනවා
හිතුවා,හිතන්න
තිබහයි,Thirsty
තිබහ,Thirsty
තිබහයි,තිබහ
තිබහ,තිබහයි
විසි කරනවා,Throw
විසි කරන්න,Throw
විසි කළා,Throw
විසි කරනවා,විසි කරන්න
විසි කරනවා,විසි කළා
විසි කරන්න,විසි කරනවා
විසි කරන්න,විසි කළා
විසි කළා,විසි කරනවා
විසි කළා,විසි කරන්න
බ්‍රහස්පතින්දා,Thursday
කාලය,Time
වෙලාව,Time
කාලය,වෙලාව
වෙලාව,කාලය
ටයර් එක,Tire
ටයර්,Tire
රෝදය,Tire
ටයර් එක,ටයර්
ටයර් එක,රෝදය
ටයර්,ටයර් එක
ටයර්,රෝදය
රෝදය,ටයර් එක
රෝදය,ටයර්
මහන්සි,Tired
කලුගැට,Tired
මහන්සි,කලුගැට
කලුගැට,මහන්සි
ට,To
වෙත,To
ට,වෙත
වෙත,ට
අද,Today
හෙට,Tomorrow
ඉබ්බා,Tortoise
කෝච්චිය,Train
දුම්රිය,Train
කෝච්චි,Train
කෝච්චිය,දුම්රිය
කෝච්චිය,කෝච්චි
දුම්රිය,කෝච්චිය
දුම්රිය,කෝච්චි
කෝච්චි,කෝච්චිය
කෝච්චි,දුම්රිය
දුම්රිය ස්ථානය,Train station
ස්ටේෂන් එක,Train station
දුම්රියපොළ,Train station
දුම්රිය ස්ථානය,ස්ටේෂන් එක
දුම්රිය ස්ථානය,දුම්රියපොළ
ස්ටේෂන් එක,දුම්රිය ස්ථානය
ස්ටේෂන් එක,දුම්රියපොළ
දුම්රියපොළ,දුම්රිය ස්ථානය
දුම්රියපොළ,ස්ටේෂන් එක
ගස,Tree
ගහ,Tree
ගස්,Tree
ගස,ගහ
ගස,ගස්
ගහ,ගස
ගහ,ගස්
ගස්,ගස
ගස්,ගහ
විශ්වාස කරනවා,Trust
විශ්වාස,Trust
විශ්වාස කරනවා,විශ්වාස
විශ්වාස,විශ්වාස කරනවා
අඟහරුවාදා,Tuesday
කැත,Ugly
මාමා,Uncle
මාමේ,Uncle
මාමා,මාමේ
මාමේ,මාමා
තේරෙනවා,Understand
තේරුම් ගන්න,Understand
තේරුනා,Understand
තේරුණා,Understand
තේරෙනවා,තේරුම් ගන්න
තේරෙනවා,තේරුනා
තේරෙනවා,තේරුණා
තේරුම් ගන්න,තේරෙනවා
තේරුම් ගන්න,තේරුනා
තේරුම් ගන්න,තේරුණා
තේරුනා,තේරෙනවා
තේරුනා,තේරුම් ගන්න
තේරුනා,තේරුණා
තේරුණා,තේරෙනවා
තේරුණා,තේරුම් ගන්න
තේරුණා,තේරුනා
වෙනකම්,Until
තුරු,Until
වෙනකම්,තුරු
තුරු,වෙනකම්
උඩ,Up
ඉහළ,Up
උඩ,ඉහළ
ඉහළ,උඩ
ඇය,She
ඇගේ,She
ඇයට,She
ඇය,ඇගේ
ඇය,ඇයට
ඇගේ,ඇය
ඇගේ,ඇයට
ඇයට,ඇය
ඇයට,ඇගේ
අපි,Us
අපිට,Us
අපි,අපිට
අපිට,අපි
පාවිච්චි කරනවා,Use
භාවිතා කරනවා,Use
භාවිතා,Use
පාවිච්චි කරනවා,භාවිතා කරනවා
පාවිච්චි කරනවා,භාවිතා
භාවිතා කරනවා,පාවිච්චි කරනවා
භාවිතා කරනවා,භාවිතා
භාවිතා,පාවිච්චි කරනවා
භාවිතා,භාවිතා කරනවා
වෑන් එක,Van
වෑන්,Van
වෑන් රථය,Van
වෑන් එක,වෑන්
වෑන් එක,වෑන් රථය
වෑන්,වෑන් එක
වෑන්,වෑන් රථය
වෑන් රථය,වෑන් එක
වෑන් රථය,වෑන්
වාහනය,Vehicle
වාහනේ,Vehicle
වාහන,Vehicle
වාහනය,වාහනේ
වාහනය,වාහන
වාහනේ,වාහනය
වාහනේ,වාහන
වාහන,වාහනය
වාහන,වාහනේ
හමු වෙනවා,Visit
බලන්නවා,Visit
Visit,Visit
හමු වෙනවා,බලන්නවා
හමු වෙනවා,Visit
බලන්නවා,හමු වෙනවා
බලන්නවා,Visit
Visit,හමු වෙනවා
Visit,බලන්නවා
ඇවිදිනවා,Walk
ඇවිදින්න,Walk
ඇවිද්දා,Walk
ගමන් කරනවා,Walk
ඇවිදිනවා,ඇවිදින්න
ඇවිදිනවා,ඇවිද්දා
ඇවිදිනවා,ගමන් කරනවා
ඇවිදින්න,ඇවිදිනවා
ඇවිදින්න,ඇවිද්දා
ඇවිදින්න,ගමන් කරනවා
ඇවිද්දා,ඇවිදිනවා
ඇවිද්දා,ඇවිදින්න
ඇවිද්දා,ගමන් කරනවා
ගමන් කරනවා,ඇවිදිනවා
ගමන් කරනවා,ඇවිදින්න
ගමන් කරනවා,ඇවිද්දා
ඕන,Want
අවශ්‍යයි,Want
ඕනේ,Want
ඕන,අවශ්‍යයි
ඕන,ඕනේ
අවශ්‍යයි,ඕන
අවශ්‍යයි,ඕනේ
ඕනේ,ඕන
ඕනේ,අවශ්‍යයි
සෝදනවා,Wash
සෝදන්න,Wash
සේදුවා,Wash
සෝදනවා,සෝදන්න
සෝදනවා,සේදුවා
සෝදන්න,සෝදනවා
සෝදන්න,සේදුවා
සේදුවා,සෝදනවා
සේදුවා,සෝදන්න
බලනවා,Watch
බලන්න,Watch
බැලුවා,Watch
Watch,Watch
නරඹන්න,Watch
බලනවා,බලන්න
බලනවා,බැලුවා
බලනවා,Watch
බලනවා,නරඹන්න
බලන්න,බලනවා
බලන්න,බැලුවා
බලන්න,Watch
බලන්න,නරඹන්න
බැලුවා,බලනවා
බැලුවා,බලන්න
බැලුවා,Watch
බැලුවා,නරඹන්න
Watch,බලනවා
Watch,බලන්න
Watch,බැලුවා
Watch,නරඹන්න
නරඹන්න,බලනවා
නරඹන්න,බලන්න
නරඹන්න,බැලුවා
නරඹන්න,Watch
වතුර,Water
ජලය,Water
පානීය ජලය,Water
වතුර,ජලය
වතුර,පානීය ජලය
ජලය,වතුර
ජලය,පානීය ජලය
පානීය ජලය,වතුර
පානීය ජලය,ජලය
කාලගුණය,Weather
බදාදා,Wednesday
සතිය,Week
සාදරයෙන් පිළිගනිමු,Welcome
මොකද්ද,What
මොනවද,What
මොකද්ද,මොනවද
මොනවද,මොකද්ද
කවදාද,When
කවද්ද,When
කවදාද,කවද්ද
කවද්ද,කවදාද
කොහෙද,Where
කොයි තැන,Where
කොහෙද,කොයි තැන
කොයි තැන,කොහෙද
සුදු,White
කවුද,Who
කව්ද,Who
කවුද,කව්ද
කව්ද,කවුද
කාටද,Whom
කාගෙද,Whose
ඇයි,Why
හේතුව මොකද්ද,Why
ඇයි,හේතුව මොකද්ද
හේතුව මොකද්ද,ඇයි
බිරිඳ,Wife
නෝනා,Wife
වයිෆ්,Wife
භාර්යාව,Wife
බිරිඳ,නෝනා
බිරිඳ,වයිෆ්
බිරිඳ,භාර්යාව
නෝනා,බිරිඳ
නෝනා,වයිෆ්
නෝනා,භාර්යාව
වයිෆ්,බිරිඳ
වයිෆ්,නෝනා
වයිෆ්,භාර්යාව
භාර්යාව,බිරිඳ
භාර්යාව,නෝනා
භාර්යාව,වයිෆ්
ජනේලය,Window
ජනෙල්,Window
ජනේලය,ජනෙල්
ජනෙල්,ජනේලය
වැඩ කරනවා,Work
වැඩ,Work
රැකියාව කරනවා,Work
වැඩ කරනවා,වැඩ
වැඩ කරනවා,රැකියාව කරනවා
වැඩ,වැඩ කරනවා
වැඩ,රැකියාව කරනවා
රැකියාව කරනවා,වැඩ කරනවා
රැකියාව කරනවා,වැඩ
ලියනවා,Write
ලියන්න,Write
ලිව්වා,Write
ලියවන්න,Write
ලියනවා,ලියන්න
ලියනවා,ලිව්වා
ලියනවා,ලියවන්න
ලියන්න,ලියනවා
ලියන්න,ලිව්වා
ලියන්න,ලියවන්න
ලිව්වා,ලියනවා
ලිව්වා,ලියන්න
ලිව්වා,ලියවන්න
ලියවන්න,ලියනවා
ලියවන්න,ලියන්න
ලියවන්න,ලිව්වා
වැරදි,Wrong
අවුරුද්ද,Year
කහ,Yellow
ඔව්,Yes
ඊයේ,Yesterday
ඔයා,You
ඔබ,You
තමුසේ,You
ඔහේ,You
ඔයා,ඔබ
ඔයා,තමුසේ
ඔයා,ඔහේ
ඔබ,ඔයා
ඔබ,තමුසේ
ඔබ,ඔහේ
තමුසේ,ඔයා
තමුසේ,ඔබ
තමුසේ,ඔහේ
ඔහේ,ඔයා
ඔහේ,ඔබ
ඔහේ,තමුසේ
ඔයාලා,You all
ඔබලා,You all
ඔයාලාට,You all
ඔයාලා,ඔබලා
ඔයාලා,ඔයාලාට
ඔබලා,ඔයාලා
ඔබලා,ඔයාලාට
ඔයාලාට,ඔයාලා
ඔයාලාට,ඔබලා
අපේ,Us
අපිලා,Us
අපේ,අපිලා
අපිලා,අපේ
මල්ලි,Younger bro
මල්ලී,Younger bro
මල්ලියේ,Younger bro
මල්ලි,මල්ලී
මල්ලි,මල්ලියේ
මල්ලී,මල්ලි
මල්ලී,මල්ලියේ
මල්ලියේ,මල්ලි
මල්ලියේ,මල්ලී
නංගි,Younger sister
නංගී,Younger sister
නංගියේ,Younger sister
නංගා,Younger sister
නංගි,නංගී
නංගි,නංගියේ
නංගි,නංගා
නංගී,නංගි
නංගී,නංගියේ
නංගී,නංගා
නංගියේ,නංගි
නංගියේ,නංගී
නංගියේ,නංගා
නංගා,නංගි
නංගා,නංගී
නංගා,නංගියේ
